companyName,address,businessPhoneNumber,businessEmail,services,gstNumber,bankDetailsJson
Rodriguez Inc,"2848 Christopher Points, North Stephanieshire, DC 26823",0685075010,nicholasjensen@cook-jenkins.net,"Form 16  , Driving License  , Income Certificate  , Passport  ",18JJJJJ8880LH0I3,"{""beneficiaryName"": ""Sharon Chan"", ""bankName"": ""Chandler, Gallegos and Chase"", ""branchName"": ""Sarahberg"", ""accountNumber"": ""241000478463"", ""ifsccode"": ""OOOO0730071"", ""upiid"": ""adelgado@oksbi""}"
"Wiley, Butler and Simmons","7567 Hansen Flat, South Christopher, TX 29624",0094150800,dunnrebecca@edwards.net,"Caste Certificate  , Disability Certificate  , PAN Card  , Birth Certificate  , ESIC Card  ",84SSSSS8389HJ0W4,"{""beneficiaryName"": ""Angie Cruz"", ""bankName"": ""Logan, Villegas and Hancock"", ""branchName"": ""Jessicamouth"", ""accountNumber"": ""225133365718"", ""ifsccode"": ""XXXX0881513"", ""upiid"": ""heidi36@oksbi""}"
Rodriguez and Sons,"PSC 0793, Box 5192, APO AE 58861",(000)427-9441,pgarner@wright.com,"Aadhaar Card  , TAN  , Voter ID (EPIC), Disability Certificate  , Driving License  ",24CCCCC3495HI7Z6,"{""beneficiaryName"": ""Jennifer Archer"", ""bankName"": ""Copeland LLC"", ""branchName"": ""North Larry"", ""accountNumber"": ""113394080012"", ""ifsccode"": ""CCCC0492868"", ""upiid"": ""hesparza@okicici""}"
"Koch, Cobb and Taylor","964 Gina Walks Suite 649, Lake Michaelburgh, WI 87377",538.704.9471,gonzalessteven@robinson.biz,"Domicile Certificate  , Birth Certificate  ",92IIIII8526UY7B7,"{""beneficiaryName"": ""Lisa Franklin MD"", ""bankName"": ""Raymond Group"", ""branchName"": ""South Jeantown"", ""accountNumber"": ""686798234526"", ""ifsccode"": ""UUUU0354545"", ""upiid"": ""ian00@okicici""}"
Mathews PLC,"46201 Erica Extension, Lake Dillon, CA 11850",(565)175-3813,danielbrittney@morrison-king.net,"Birth Certificate  , ITR Acknowledgement  , Ration Card  , PF UAN Details  ",54OOOOO702OB5C8,"{""beneficiaryName"": ""Robert Cisneros"", ""bankName"": ""Mccarthy, Lowery and Wang"", ""branchName"": ""Port Marie"", ""accountNumber"": ""643950238747"", ""ifsccode"": ""DDDD0260950"", ""upiid"": ""comptonchad@okhdfc""}"
Woodard and Sons,"91665 Kidd Lock Suite 663, Rileyberg, MS 47339",+1-807-054-3888x6905,edward75@mercado-gomez.com,"Birth Certificate  , Voter ID (EPIC), PAN Card  , PF UAN Details  ",49KKKKK9921LS5Z6,"{""beneficiaryName"": ""Kim Gomez"", ""bankName"": ""Long and Sons"", ""branchName"": ""New Stephanie"", ""accountNumber"": ""772308731313"", ""ifsccode"": ""XXXX0493323"", ""upiid"": ""johnsonapril@okicici""}"
Miller and Sons,"8261 Richard Plains, Smithstad, AL 07754",001-493-278-7092x8959,kramerelizabeth@long.info,"GST Registration Certificate  , PF UAN Details  ",0AAAAA8442TM3F8,"{""beneficiaryName"": ""Brandi Adams"", ""bankName"": ""Cunningham Group"", ""branchName"": ""Aguirrehaven"", ""accountNumber"": ""516436588293"", ""ifsccode"": ""MMMM0823293"", ""upiid"": ""thompsondavid@okicici""}"
Allen-Lee,"168 Campbell Square, Johnsonchester, WI 76241",663.990.9586x459,hbishop@white-mosley.info,"TAN  , GST Registration Certificate  , Domicile Certificate  ",12JJJJJ5247QD1R6,"{""beneficiaryName"": ""April Kirby"", ""bankName"": ""Cunningham-Hernandez"", ""branchName"": ""South Joseph"", ""accountNumber"": ""180600822212"", ""ifsccode"": ""LLLL0791594"", ""upiid"": ""joshua34@okhdfc""}"
Johnson-Haney,"1647 Wright Ville Suite 213, New Melissamouth, OK 63761",001-380-725-4534x47892,crystal99@reed-velazquez.org,"ESIC Card  , Voter ID (EPIC), PF UAN Details  , Aadhaar Card  , PAN Card  ",3JJJJJ7853KR2L7,"{""beneficiaryName"": ""William Thomas"", ""bankName"": ""Craig Group"", ""branchName"": ""Dixonchester"", ""accountNumber"": ""571104687583"", ""ifsccode"": ""IIII0964254"", ""upiid"": ""shanestokes@okicici""}"
"Villegas, Clay and Atkinson","82208 Leslie Freeway Apt. 722, Meadowsfurt, NY 88652",589-613-2114x47433,andersonisaiah@long.com,"Disability Certificate  , TAN  , Marriage Certificate  ",62LLLLL2813CH5E8,"{""beneficiaryName"": ""Jamie Jackson"", ""bankName"": ""Parker-Green"", ""branchName"": ""Heidiland"", ""accountNumber"": ""653472819194"", ""ifsccode"": ""RRRR0940852"", ""upiid"": ""fitzpatrickmadison@okhdfc""}"
"Chandler, White and Martinez","98290 Mullins Lake, Barberside, CA 13059",597.169.8403x08306,stoneryan@johnson.com,"GST Registration Certificate  , Domicile Certificate  , Ration Card  , Income Certificate  , PF UAN Details  ",5UUUUU3890QW6U4,"{""beneficiaryName"": ""Corey Powell"", ""bankName"": ""Johnson and Sons"", ""branchName"": ""Wolfeton"", ""accountNumber"": ""860508716353"", ""ifsccode"": ""VVVV0623824"", ""upiid"": ""gutierrezstacy@oksbi""}"
"Hernandez, Brown and Spence","USS Velez, FPO AA 20376",(750)973-3551,william61@kelley.com,"Driving License  , Income Certificate  ",21YYYYY6617WF4J4,"{""beneficiaryName"": ""Jasmine Casey"", ""bankName"": ""Callahan-Huffman"", ""branchName"": ""Port Susanborough"", ""accountNumber"": ""117160495434"", ""ifsccode"": ""RRRR0581638"", ""upiid"": ""heather05@okaxis""}"
Hicks-Sharp,"40824 Felicia Circles Suite 741, Carolside, WA 43103",800.185.9897,james72@king-gonzalez.com,"Form 16  , Passport  , Disability Certificate  , Ration Card  ",51AAAAA2492EI3R2,"{""beneficiaryName"": ""Erik Payne"", ""bankName"": ""Mooney LLC"", ""branchName"": ""North Robinport"", ""accountNumber"": ""946414085273"", ""ifsccode"": ""FFFF0642698"", ""upiid"": ""jennifer51@oksbi""}"
Simon and Sons,"93063 Lyons Court Apt. 513, East Angela, MT 49722",459-963-5386,melissa25@costa-decker.com,"Marriage Certificate  , Death Certificate  , ITR Acknowledgement  ",53CCCCC2462RG8N8,"{""beneficiaryName"": ""Daniel Phillips"", ""bankName"": ""Burns-Obrien"", ""branchName"": ""Freyhaven"", ""accountNumber"": ""863375154472"", ""ifsccode"": ""NNNN0161796"", ""upiid"": ""qcox@oksbi""}"
Alvarado-Lopez,"90799 Hahn Wells Suite 172, West Matthew, OH 93877",001-882-398-6778x2556,andersonrobert@woodard-meyers.org,"Disability Certificate  , Passport  ",86KKKKK615AT3Z8,"{""beneficiaryName"": ""Olivia Smith"", ""bankName"": ""Duffy, Johnson and Alexander"", ""branchName"": ""West Benjaminview"", ""accountNumber"": ""829349591791"", ""ifsccode"": ""RRRR0702510"", ""upiid"": ""scott02@okhdfc""}"
"Freeman, Morrison and Gonzalez","09449 Lisa Turnpike, North Josephside, TX 02445",+1-439-981-2210,woodpatty@robbins.com,"Form 16  , Marriage Certificate  ",0GGGGG8700LQ4F6,"{""beneficiaryName"": ""Christopher Campbell"", ""bankName"": ""Patterson-Williams"", ""branchName"": ""South Brianshire"", ""accountNumber"": ""290370586345"", ""ifsccode"": ""FFFF0854247"", ""upiid"": ""sroberson@okhdfc""}"
Ray-Tanner,"21697 Campbell Plains, Dorisborough, AZ 98956",946.077.6146,michelleobrien@martinez.com,"Marriage Certificate  , PAN Card  , ITR Acknowledgement  , Caste Certificate  , Aadhaar Card  ",3WWWWW2606TL8L8,"{""beneficiaryName"": ""Todd Hart"", ""bankName"": ""Cruz, Cameron and Collins"", ""branchName"": ""New Rachelbury"", ""accountNumber"": ""767252042995"", ""ifsccode"": ""VVVV0463858"", ""upiid"": ""jeremy43@okicici""}"
Griffith-Hernandez,"626 Chelsea Ridges, North Cynthiatown, IN 20906",434-663-7352,justin53@ferguson.com,"Income Certificate  , GST Registration Certificate  , Driving License  , PF UAN Details  , Disability Certificate  ",53QQQQQ8488HP4K8,"{""beneficiaryName"": ""Troy Perez"", ""bankName"": ""Pearson, Valencia and Weeks"", ""branchName"": ""Lake Joseph"", ""accountNumber"": ""371531386070"", ""ifsccode"": ""LLLL0870874"", ""upiid"": ""fwalker@okaxis""}"
"Ashley, Ponce and Bean","70772 William Expressway, Anneshire, NY 72437",529-428-1987,camacholisa@scott.info,"Passport  , Form 16  ",6IIIII6949JU9J6,"{""beneficiaryName"": ""Deborah Romero"", ""bankName"": ""Ramirez and Sons"", ""branchName"": ""West Timothyville"", ""accountNumber"": ""240837078816"", ""ifsccode"": ""FFFF0199806"", ""upiid"": ""michellehernandez@oksbi""}"
Hendricks-Smith,"8464 Aguirre Union Suite 199, Katieton, ND 24959",017.053.0992,williamrice@gordon.com,"PAN Card  , Form 16  ",14XXXXX1703QY9W4,"{""beneficiaryName"": ""Crystal Burns"", ""bankName"": ""Thomas-Webb"", ""branchName"": ""Humphreymouth"", ""accountNumber"": ""861872159705"", ""ifsccode"": ""IIII0522671"", ""upiid"": ""owenskathy@okhdfc""}"
"Brown, Diaz and Brown","069 Rivas Land Suite 562, Salinasfurt, MS 02234",917-120-5588x60849,tiffany93@sims.com,"Ration Card  , Caste Certificate  ",23YYYYY9168IR2N1,"{""beneficiaryName"": ""Lisa King"", ""bankName"": ""Salazar, Walter and Harding"", ""branchName"": ""Thomasstad"", ""accountNumber"": ""834485525587"", ""ifsccode"": ""EEEE0112699"", ""upiid"": ""phillip58@okhdfc""}"
"Hubbard, Crawford and Henderson","Unit 2779 Box 9476, DPO AA 15932",001-810-595-5609x7134,jennifersmith@baker.com,"Caste Certificate  , Driving License  , Passport  ",48UUUUU7433LU7H4,"{""beneficiaryName"": ""Ronald Moore"", ""bankName"": ""Larson, Jackson and Hall"", ""branchName"": ""Chrismouth"", ""accountNumber"": ""863937266221"", ""ifsccode"": ""HHHH0603071"", ""upiid"": ""brandontaylor@okaxis""}"
"Thornton, Price and Sherman","86877 Luna Vista Suite 221, Gouldberg, FL 43509",4230104674,brandonhickman@wilson.com,"ESIC Card  , Passport  , Form 16  , Marriage Certificate  , PF UAN Details  ",49VVVVV9975GX8S6,"{""beneficiaryName"": ""Crystal Wagner"", ""bankName"": ""Petty-Hendricks"", ""branchName"": ""North Davidport"", ""accountNumber"": ""144631346841"", ""ifsccode"": ""QQQQ0541206"", ""upiid"": ""hernandezshaun@okhdfc""}"
Sharp and Sons,"651 Marissa Fords Apt. 116, East Tanyaville, GA 07573",445.039.4353x6226,jeffery41@lewis-black.com,"TAN  , Ration Card  ",39MMMMM5888BB3S4,"{""beneficiaryName"": ""Matthew Cooper"", ""bankName"": ""Adams-Brown"", ""branchName"": ""Branditon"", ""accountNumber"": ""436720919840"", ""ifsccode"": ""OOOO0983199"", ""upiid"": ""wmcintosh@okaxis""}"
Davis Group,"44111 Timothy Turnpike Apt. 368, Muellerside, AL 03892",240.146.3281x7671,lori89@garcia-jones.org,"Birth Certificate  , ESIC Card  , TAN  , Voter ID (EPIC)",26EEEEE7243YI3Y5,"{""beneficiaryName"": ""Stephanie Jackson"", ""bankName"": ""Durham-Benton"", ""branchName"": ""West Mathewstad"", ""accountNumber"": ""686003126492"", ""ifsccode"": ""IIII0393011"", ""upiid"": ""rogerstimothy@okhdfc""}"
Wright-Pope,"213 Bethany Track, Anthonyfurt, VT 97958",(812)987-5600x258,hayleyjohnson@nguyen.com,"ITR Acknowledgement  , TAN  ",83RRRRR6692TJ7K3,"{""beneficiaryName"": ""Jessica Hogan"", ""bankName"": ""Harrison Inc"", ""branchName"": ""Wyattstad"", ""accountNumber"": ""448827742152"", ""ifsccode"": ""RRRR0382311"", ""upiid"": ""peterchaney@okhdfc""}"
Sparks-Garcia,"655 Matthew Expressway, Griffinchester, VA 37472",+1-553-282-8539,jasonmurphy@mcdowell.info,"ESIC Card  , Domicile Certificate  ",4JJJJJ9992CK7Q2,"{""beneficiaryName"": ""Heather Levy"", ""bankName"": ""Ruiz, Austin and Stafford"", ""branchName"": ""South Michaelland"", ""accountNumber"": ""299739019332"", ""ifsccode"": ""BBBB0259069"", ""upiid"": ""brittanydavis@okhdfc""}"
Ayers PLC,"PSC 9156, Box 2451, APO AP 71293",+1-239-020-1266x341,ashley26@barker.com,"Birth Certificate  , PF UAN Details  , ITR Acknowledgement  , TAN  , Death Certificate  ",83HHHHH5352DI0C0,"{""beneficiaryName"": ""Robert Floyd"", ""bankName"": ""Mcbride-Hampton"", ""branchName"": ""Lake Tamara"", ""accountNumber"": ""541968417341"", ""ifsccode"": ""YYYY0122508"", ""upiid"": ""timothy43@okaxis""}"
Goodman-Willis,"999 John Canyon, Port Jeremy, MN 62342",001-253-544-6968,mrichardson@lewis-johnson.info,"Death Certificate  , Passport  ",91CCCCC6994WN8B0,"{""beneficiaryName"": ""Matthew Ramirez"", ""bankName"": ""Fernandez-Price"", ""branchName"": ""South Maryshire"", ""accountNumber"": ""547258304066"", ""ifsccode"": ""DDDD0740159"", ""upiid"": ""sanchezwayne@okhdfc""}"
Kelly-Carter,"658 Misty Fall Suite 871, Monroeland, GA 84630",695.676.3512,amyjones@williams.net,"GST Registration Certificate  , Income Certificate  , Passport  , PAN Card  ",25SSSSS1429NG5L3,"{""beneficiaryName"": ""Jerome Powell"", ""bankName"": ""Brown-Jones"", ""branchName"": ""Joyceton"", ""accountNumber"": ""426815591457"", ""ifsccode"": ""XXXX0453177"", ""upiid"": ""younglisa@okhdfc""}"
Perez-Fitzgerald,"53783 Johnson Bypass Suite 538, Lake Johnny, AR 97656",431-205-3000,joseph36@baker.org,"Voter ID (EPIC), Form 16  ",61OOOOO4702SJ3U2,"{""beneficiaryName"": ""Mary Reynolds"", ""bankName"": ""Vang-Meadows"", ""branchName"": ""West Tina"", ""accountNumber"": ""956935619139"", ""ifsccode"": ""AAAA0342500"", ""upiid"": ""martinlauren@okhdfc""}"
Harding-Murphy,"687 Michael Keys, Cunninghamside, WV 33951",2206412267,daniel68@wilson-barrera.com,"Caste Certificate  , PAN Card  , Domicile Certificate  ",92YYYYY5200VQ9P6,"{""beneficiaryName"": ""Pam Howard"", ""bankName"": ""Moran Inc"", ""branchName"": ""Robinstad"", ""accountNumber"": ""447673423991"", ""ifsccode"": ""OOOO0393108"", ""upiid"": ""thorntonkevin@okaxis""}"
Bell PLC,"413 Hodges Rue Suite 469, Lake Jennifer, UT 49658",2146932382,westann@horn.com,"Aadhaar Card  , PAN Card  , Ration Card  , Disability Certificate  ",51IIIII1428OP2Y5,"{""beneficiaryName"": ""Vanessa Delgado"", ""bankName"": ""May PLC"", ""branchName"": ""Port Rebeccaland"", ""accountNumber"": ""921332869210"", ""ifsccode"": ""GGGG0896353"", ""upiid"": ""aliciabrown@okhdfc""}"
Lee and Sons,"1269 Karen Terrace, West Susanshire, MD 08065",(356)957-3759x625,cynthia36@casey.com,"Death Certificate  , Passport  , Caste Certificate  , Income Certificate  ",50HHHHH2730UW8V6,"{""beneficiaryName"": ""Timothy Parks"", ""bankName"": ""Smith Ltd"", ""branchName"": ""Lake Michaeltown"", ""accountNumber"": ""789468488609"", ""ifsccode"": ""RRRR0883504"", ""upiid"": ""guerrachad@okaxis""}"
Lewis-Palmer,"6389 Brian Light Suite 045, Foxview, IN 30518",+1-444-142-4278x7331,bellanna@farrell.com,"GST Registration Certificate  , Form 16  , Birth Certificate  , Income Certificate  ",86PPPPP5316QR2F9,"{""beneficiaryName"": ""Christopher Nixon"", ""bankName"": ""Wilson-Romero"", ""branchName"": ""Port Sarah"", ""accountNumber"": ""899329148932"", ""ifsccode"": ""PPPP0383789"", ""upiid"": ""sullivanheather@okhdfc""}"
Mejia-Vance,"17969 Timothy Coves, Youngborough, LA 80119",334.376.1783x869,wilsondaniel@adams.com,"Voter ID (EPIC), ESIC Card  , Form 16  ",77JJJJJ8674VT0W6,"{""beneficiaryName"": ""Rebecca Gay"", ""bankName"": ""Anderson, Wilson and Larson"", ""branchName"": ""Stephanieberg"", ""accountNumber"": ""170140555936"", ""ifsccode"": ""TTTT0867290"", ""upiid"": ""meredithhuang@okhdfc""}"
Gonzalez-Sawyer,"946 Frances Mills, New Jason, NV 32686",+1-927-585-8462x742,patrick72@chambers.com,"Disability Certificate  , ESIC Card  , Marriage Certificate  ",87OOOOO7257FM2G3,"{""beneficiaryName"": ""Riley Thompson"", ""bankName"": ""Gomez PLC"", ""branchName"": ""Foxbury"", ""accountNumber"": ""239189331238"", ""ifsccode"": ""JJJJ0401703"", ""upiid"": ""xnelson@oksbi""}"
"Douglas, Johnson and Alvarez","1679 Ortiz Rue Suite 972, Ginaland, NH 08952",275-668-5222x040,wendytate@mendoza.org,"PF UAN Details  , Passport  , PAN Card  , Voter ID (EPIC), Caste Certificate  ",5SSSSS2213CA6N5,"{""beneficiaryName"": ""Timothy Jones"", ""bankName"": ""Chandler, Holmes and Santos"", ""branchName"": ""South Theresashire"", ""accountNumber"": ""329829878931"", ""ifsccode"": ""RRRR0828135"", ""upiid"": ""keithwright@okaxis""}"
Scott-Hawkins,"841 David Extension, Sandraville, FL 66647",752-863-5107,katrina07@lee.com,"PAN Card  , Voter ID (EPIC)",93BBBBB9344GZ2X8,"{""beneficiaryName"": ""Thomas Moran"", ""bankName"": ""Williams, Hill and Sparks"", ""branchName"": ""Kristenhaven"", ""accountNumber"": ""643121722329"", ""ifsccode"": ""NNNN0140251"", ""upiid"": ""brent18@okicici""}"
Townsend LLC,"5535 Christina Prairie, Nathanshire, NY 65877",(018)596-7185,johnfuller@harris.com,"Marriage Certificate  , Domicile Certificate  ",12AAAAA2779FY5Y7,"{""beneficiaryName"": ""John Norton"", ""bankName"": ""Parsons-Phillips"", ""branchName"": ""South Jesusfurt"", ""accountNumber"": ""466382168849"", ""ifsccode"": ""PPPP0916744"", ""upiid"": ""michael55@okicici""}"
"Jones, Williams and Mercado","98333 Wilson Path Apt. 127, Hayesberg, VT 55915",001-382-042-0447,mary28@ramirez.com,"Aadhaar Card  , GST Registration Certificate  ",0HHHHH6945LS2S0,"{""beneficiaryName"": ""Mrs. Melissa Gutierrez"", ""bankName"": ""Rivera, Bishop and Adams"", ""branchName"": ""East Charleston"", ""accountNumber"": ""192553358277"", ""ifsccode"": ""LLLL0253306"", ""upiid"": ""swilliams@okaxis""}"
Allen-Mcbride,"1849 Hughes Squares, Grossside, IL 82871",+1-431-255-8427,daustin@nguyen.com,"Income Certificate  , PAN Card  , Marriage Certificate  ",72YYYYY4192YR8L3,"{""beneficiaryName"": ""Charles Hill"", ""bankName"": ""Lewis-Kennedy"", ""branchName"": ""Christopherburgh"", ""accountNumber"": ""587515238779"", ""ifsccode"": ""GGGG0231150"", ""upiid"": ""hoganheather@okhdfc""}"
"Johnson, Watkins and Lopez","PSC 7825, Box 5597, APO AP 43076",045-774-9149x51822,marilyngilbert@bell-castillo.biz,"Caste Certificate  , Aadhaar Card  ",88VVVVV2801VE9J4,"{""beneficiaryName"": ""Jacob Walker"", ""bankName"": ""Clark PLC"", ""branchName"": ""Port Richardstad"", ""accountNumber"": ""439016279996"", ""ifsccode"": ""GGGG0838044"", ""upiid"": ""joseph81@okaxis""}"
"Smith, Mack and Mccoy","0721 Christopher Ferry, East Suzanneland, FL 08334",6438271749,rreynolds@maldonado-burnett.net,"Death Certificate  , Marriage Certificate  , Passport  , Income Certificate  , Birth Certificate  ",41DDDDD8151JE4S6,"{""beneficiaryName"": ""Robert Cunningham"", ""bankName"": ""Lara-Johnson"", ""branchName"": ""New Stephanieside"", ""accountNumber"": ""176742664944"", ""ifsccode"": ""YYYY0663740"", ""upiid"": ""ian88@oksbi""}"
Smith Ltd,"6381 Rivera Burgs, East Davidfort, WI 55174",+1-918-227-0104x5004,joannahudson@bell-doyle.com,"Ration Card  , ESIC Card  , Form 16  , Death Certificate  ",47YYYYY5300DQ9W8,"{""beneficiaryName"": ""Sara Kelly"", ""bankName"": ""Lozano-Ho"", ""branchName"": ""Michellefort"", ""accountNumber"": ""330275275977"", ""ifsccode"": ""EEEE0507901"", ""upiid"": ""donna27@okicici""}"
Moreno-Heath,"556 Michelle Streets Suite 010, Staciefurt, OR 82008",(924)513-0051x75356,kturner@torres.com,"Domicile Certificate  , Death Certificate  , TAN  , Caste Certificate  ",90EEEEE1649KK4J1,"{""beneficiaryName"": ""Roy Becker"", ""bankName"": ""Stevens, Martinez and Smith"", ""branchName"": ""Andersonmouth"", ""accountNumber"": ""422765346543"", ""ifsccode"": ""LLLL0795280"", ""upiid"": ""nathanthompson@okicici""}"
Burke-Martin,"98635 Bailey Track, South Janice, AZ 93824",001-641-262-1164,lisapace@porter.com,"Passport  , Voter ID (EPIC)",16GGGGG9342EG6C5,"{""beneficiaryName"": ""William Cannon"", ""bankName"": ""Cole-Delgado"", ""branchName"": ""South Martintown"", ""accountNumber"": ""575136029511"", ""ifsccode"": ""OOOO0218295"", ""upiid"": ""rachel99@okhdfc""}"
Kirk-Holden,"9703 Tate Land Apt. 370, Millershire, AK 28631",576.949.4343,hgrant@burke-harper.com,"PAN Card  , PF UAN Details  ",65TTTTT1931TT4X9,"{""beneficiaryName"": ""Jeffrey Rogers"", ""bankName"": ""Finley-Lopez"", ""branchName"": ""New Dana"", ""accountNumber"": ""989948242046"", ""ifsccode"": ""MMMM0895391"", ""upiid"": ""norrismitchell@okaxis""}"
Cowan-Burton,"91902 Jefferson Meadow Suite 586, Harperburgh, DC 90956",(830)151-9184,georgethompson@hernandez.com,"Domicile Certificate  , PAN Card  , Ration Card  , Birth Certificate  ",29HHHHH1415RZ3C0,"{""beneficiaryName"": ""Russell Leonard"", ""bankName"": ""Wells-Clark"", ""branchName"": ""North Ellen"", ""accountNumber"": ""569212937657"", ""ifsccode"": ""XXXX0120605"", ""upiid"": ""gbaker@okaxis""}"
Wright-Powell,"PSC 4792, Box 3982, APO AA 23543",532.702.8932,jacksonnicole@baker.com,"Driving License  , Voter ID (EPIC), ESIC Card  , Marriage Certificate  , TAN  ",58CCCCC3713HK3H5,"{""beneficiaryName"": ""Robert Barnes"", ""bankName"": ""Butler-Pratt"", ""branchName"": ""Lake Steveport"", ""accountNumber"": ""624943075960"", ""ifsccode"": ""TTTT0189710"", ""upiid"": ""nicholsonnorman@okhdfc""}"
Johnston LLC,"12380 Mann Inlet, Port Katherinemouth, FL 54728",614-134-3809x7025,brandonanderson@sampson.com,"Domicile Certificate  , Birth Certificate  , PAN Card  ",48FFFFF2123HO3O4,"{""beneficiaryName"": ""Kimberly York"", ""bankName"": ""Ramos-Taylor"", ""branchName"": ""Haroldshire"", ""accountNumber"": ""763128967409"", ""ifsccode"": ""TTTT0895799"", ""upiid"": ""chenbeth@okaxis""}"
Roberts Ltd,"03635 Franklin Point, New Veronica, TN 24379",001-889-209-1282x440,jacqueline61@clark.info,"Income Certificate  , Voter ID (EPIC)",98OOOOO3646MC3F7,"{""beneficiaryName"": ""Dawn Pittman"", ""bankName"": ""Green, Dixon and Sandoval"", ""branchName"": ""South Jenniferport"", ""accountNumber"": ""822047959992"", ""ifsccode"": ""TTTT0266142"", ""upiid"": ""villakristin@oksbi""}"
Burns-Moore,"0875 King Street, Wrightport, MD 36173",001-854-219-1841x6670,sarahmyers@hurley.com,"Disability Certificate  , Caste Certificate  , PAN Card  , Form 16  ",16BBBBB1527BV5U0,"{""beneficiaryName"": ""Charles Walters"", ""bankName"": ""Bell-Cordova"", ""branchName"": ""Curtisberg"", ""accountNumber"": ""992951443719"", ""ifsccode"": ""TTTT0117970"", ""upiid"": ""carl58@okicici""}"
Bennett Group,"8698 Nelson Extensions Suite 718, West Ann, AL 57517",497-741-2267x586,meyermichael@ryan-ward.info,"TAN  , PF UAN Details  , ITR Acknowledgement  , Death Certificate  , GST Registration Certificate  ",19BBBBB4428RW5D3,"{""beneficiaryName"": ""Kimberly Smith"", ""bankName"": ""Hill, Smith and Anderson"", ""branchName"": ""Faithfort"", ""accountNumber"": ""176666928472"", ""ifsccode"": ""FFFF0528688"", ""upiid"": ""christinebright@okaxis""}"
Spencer-Jacobs,"0642 Robert Common Suite 253, New Nicoleton, TN 27240",(294)058-5289x24275,melaniewatson@wilson-smith.com,"Disability Certificate  , PF UAN Details  , TAN  , PAN Card  ",20KKKKK658AC8A2,"{""beneficiaryName"": ""Brian Ruiz"", ""bankName"": ""Anderson and Sons"", ""branchName"": ""Michaeltown"", ""accountNumber"": ""844680967440"", ""ifsccode"": ""TTTT0681084"", ""upiid"": ""edwardsdaniel@okaxis""}"
Peters-Perez,"670 Kelly Harbors Suite 514, North Susan, IA 82380",758-842-9936,ymiller@taylor.com,"PF UAN Details  , PAN Card  , Disability Certificate  , GST Registration Certificate  ",79CCCCC1992SS9C2,"{""beneficiaryName"": ""Crystal Martinez"", ""bankName"": ""Washington Ltd"", ""branchName"": ""Nicholsborough"", ""accountNumber"": ""777380014083"", ""ifsccode"": ""TTTT0909841"", ""upiid"": ""hellis@okaxis""}"
Waters-Johnson,"1076 Griffin Gardens, South Jonathanchester, SD 97488",070-415-5232x51433,williamsmike@cline.com,"Marriage Certificate  , Domicile Certificate  , Aadhaar Card  , Disability Certificate  ",10KKKKK8304MA0X7,"{""beneficiaryName"": ""Janice Wagner"", ""bankName"": ""Smith, Johnson and Dawson"", ""branchName"": ""North Sarahshire"", ""accountNumber"": ""398596202953"", ""ifsccode"": ""BBBB0750806"", ""upiid"": ""chad61@okaxis""}"
Warner-Merritt,"14744 Padilla Springs Suite 715, South Jesus, AK 32332",001-667-876-1128,vwalker@wilkerson.com,"PAN Card  , ESIC Card  ",22HHHHH9611XI3L2,"{""beneficiaryName"": ""Matthew Lopez"", ""bankName"": ""Molina, Dickerson and Hill"", ""branchName"": ""Smithville"", ""accountNumber"": ""601797181787"", ""ifsccode"": ""EEEE0997901"", ""upiid"": ""blawrence@okicici""}"
"Hill, Wilcox and Navarro","6218 Christopher Stream Suite 317, Tonyamouth, WY 06875",001-535-858-5669x232,wjohnson@moore.info,"Ration Card  , ESIC Card  , Disability Certificate  ",20VVVVV2661MY1Q9,"{""beneficiaryName"": ""Matthew Erickson"", ""bankName"": ""Hays, Carter and Mccormick"", ""branchName"": ""West Justin"", ""accountNumber"": ""485677101041"", ""ifsccode"": ""FFFF0441273"", ""upiid"": ""julie88@okaxis""}"
House LLC,"2979 Scott Mall, Acevedofurt, NY 50875",786-246-3121,kperry@mercado.com,"Ration Card  , Marriage Certificate  ",89SSSSS5143NK2Z9,"{""beneficiaryName"": ""Laura Rivera"", ""bankName"": ""Thompson, Lopez and Sherman"", ""branchName"": ""Vargasshire"", ""accountNumber"": ""643828995739"", ""ifsccode"": ""PPPP0522804"", ""upiid"": ""michellefitzpatrick@okaxis""}"
Miller-Parrish,"48467 Jim Prairie Suite 679, Drakehaven, TN 18637",944-043-0930x768,fwilliams@curtis-ingram.net,"PF UAN Details  , Marriage Certificate  , Ration Card  , Form 16  , Driving License  ",55CCCCC292CF0O7,"{""beneficiaryName"": ""Patty Scott"", ""bankName"": ""Hart Inc"", ""branchName"": ""Katelynfurt"", ""accountNumber"": ""293370454195"", ""ifsccode"": ""CCCC0923777"", ""upiid"": ""ygilbert@okicici""}"
"Mcconnell, Smith and Zimmerman","PSC 1070, Box 2983, APO AE 69331",901-946-1203,emily04@lane.com,"Domicile Certificate  , Ration Card  , Passport  , Disability Certificate  ",43SSSSS6132WG6N0,"{""beneficiaryName"": ""Ryan Curry"", ""bankName"": ""Brady, Hughes and Shields"", ""branchName"": ""Rhodesview"", ""accountNumber"": ""669237552659"", ""ifsccode"": ""PPPP0471671"", ""upiid"": ""summerssteven@okaxis""}"
"Hernandez, Young and Jacobs","USS Mcdonald, FPO AA 43808",(830)540-6760,robinsonkatrina@rice.com,"Death Certificate  , Form 16  , Passport  ",3RRRRR8882KK1B2,"{""beneficiaryName"": ""Tina Brown"", ""bankName"": ""Snyder, Anderson and Robertson"", ""branchName"": ""New Jimmyberg"", ""accountNumber"": ""943143315195"", ""ifsccode"": ""CCCC0286444"", ""upiid"": ""kimberly45@okaxis""}"
Robinson PLC,"8042 Thompson Mountains Apt. 249, East Sean, UT 26965",6399235653,lauren27@patterson.net,"PF UAN Details  , Voter ID (EPIC), Ration Card  ",89FFFFF2685HS1Z7,"{""beneficiaryName"": ""Keith Lewis"", ""bankName"": ""Norman PLC"", ""branchName"": ""Lake Danielshire"", ""accountNumber"": ""736864771083"", ""ifsccode"": ""QQQQ0405844"", ""upiid"": ""laurenbaker@okicici""}"
Nichols-Smith,"6070 Benjamin Plaza, Floresfurt, KS 58140",192.893.3046,stephaniekennedy@williams.com,"GST Registration Certificate  , Death Certificate  , Birth Certificate  , Marriage Certificate  , Aadhaar Card  ",85RRRRR2458KE7I9,"{""beneficiaryName"": ""Jonathan Barnett"", ""bankName"": ""Ballard, Pennington and Andrews"", ""branchName"": ""Susanmouth"", ""accountNumber"": ""323737539632"", ""ifsccode"": ""TTTT0194885"", ""upiid"": ""ringram@oksbi""}"
"Taylor, Hill and Farrell","7562 Serrano Inlet Apt. 700, East Michelleville, MA 62373",(869)508-6557x0439,gary63@carpenter-brown.org,"Birth Certificate  , TAN  , Disability Certificate  ",15QQQQQ1227UG8G6,"{""beneficiaryName"": ""James Young"", ""bankName"": ""Cohen Ltd"", ""branchName"": ""South William"", ""accountNumber"": ""216964790424"", ""ifsccode"": ""CCCC0357258"", ""upiid"": ""shane36@okhdfc""}"
Hardin Inc,"316 Kaiser Court Apt. 660, North Michaelport, PA 91039",001-921-570-2654x92545,marissa10@miller.com,"Caste Certificate  , ESIC Card  , Income Certificate  ",66TTTTT2619IG4X4,"{""beneficiaryName"": ""Nicole Buck"", ""bankName"": ""Johnson LLC"", ""branchName"": ""Lake Michelleport"", ""accountNumber"": ""784966279355"", ""ifsccode"": ""CCCC0847257"", ""upiid"": ""lwatson@okaxis""}"
Miller and Sons,"550 Lisa Pine Suite 785, Port Victoria, OK 93184",+1-923-901-8055,zhall@garcia.com,"TAN  , PF UAN Details  , ESIC Card  , GST Registration Certificate  , Passport  ",86CCCCC9533SO4A6,"{""beneficiaryName"": ""Samantha Davis"", ""bankName"": ""Fry-Murray"", ""branchName"": ""Crystalmouth"", ""accountNumber"": ""637627921025"", ""ifsccode"": ""CCCC0944922"", ""upiid"": ""nathanmoran@okhdfc""}"
Wheeler-Nguyen,"09938 Martinez Islands, North Johnton, ND 34277",001-891-012-2945x681,theresaorr@miller-sharp.info,"Passport  , Driving License  , Birth Certificate  , Voter ID (EPIC)",36PPPPP9273SS5Z3,"{""beneficiaryName"": ""Benjamin Rivera"", ""bankName"": ""Mckinney, Johnson and Watson"", ""branchName"": ""Michaelburgh"", ""accountNumber"": ""264929664586"", ""ifsccode"": ""RRRR0847191"", ""upiid"": ""markneal@okhdfc""}"
Silva Ltd,"568 Ryan Inlet, Luisfort, TN 59496",+1-793-718-7086x19494,dunnchristopher@gamble.info,"Driving License  , Disability Certificate  , ESIC Card  , GST Registration Certificate  , Domicile Certificate  ",36DDDDD9455VF1A0,"{""beneficiaryName"": ""Cynthia Morris"", ""bankName"": ""Davenport, Roberts and Ramos"", ""branchName"": ""Palmerport"", ""accountNumber"": ""808227510756"", ""ifsccode"": ""JJJJ0462282"", ""upiid"": ""millsbradley@okhdfc""}"
"Ford, Bird and Lee","414 Cohen Isle, Howardbury, SD 77742",266.315.5165x196,debbie99@norman.com,"TAN  , Marriage Certificate  ",17DDDDD8690UH9T8,"{""beneficiaryName"": ""Billy Moore"", ""bankName"": ""Duran-Roberts"", ""branchName"": ""Steelefurt"", ""accountNumber"": ""136482216086"", ""ifsccode"": ""QQQQ0592522"", ""upiid"": ""uphillips@oksbi""}"
Jennings-Sullivan,"85719 Kim Estates Apt. 434, Lindseyborough, DC 88634",(367)308-3974x600,staffordmorgan@brooks.com,"Form 16  , Passport  , Marriage Certificate  , ESIC Card  , Domicile Certificate  ",77IIIII1536HU4Q3,"{""beneficiaryName"": ""John Williams"", ""bankName"": ""Trevino and Sons"", ""branchName"": ""Codyland"", ""accountNumber"": ""764999876825"", ""ifsccode"": ""BBBB0662625"", ""upiid"": ""powellsara@okhdfc""}"
Cooper-Davis,"784 Michael Vista Suite 481, Bergmouth, HI 43726",+1-238-480-3554,nicoleherman@butler.com,"Caste Certificate  , Death Certificate  , Domicile Certificate  , Disability Certificate  ",20BBBBB9938PG6H6,"{""beneficiaryName"": ""Michelle Gallegos"", ""bankName"": ""Shelton Ltd"", ""branchName"": ""Lauraport"", ""accountNumber"": ""977176242334"", ""ifsccode"": ""BBBB0864381"", ""upiid"": ""lpaul@okaxis""}"
Cook Ltd,"830 Willie Forks Suite 611, Lauraland, FL 56177",345-590-9252x3873,catherinemoore@griffin.info,"Marriage Certificate  , PAN Card  , GST Registration Certificate  , Domicile Certificate  ",55RRRRR9992TE7T4,"{""beneficiaryName"": ""Joshua Stokes"", ""bankName"": ""Taylor, Simmons and Stafford"", ""branchName"": ""South Mark"", ""accountNumber"": ""759600019952"", ""ifsccode"": ""YYYY0414035"", ""upiid"": ""laura86@okicici""}"
Webb-Hoffman,"1947 Pratt Bypass Apt. 097, Lake Michaelhaven, DE 40938",+1-149-727-8418x87890,sarahdixon@moyer-hernandez.com,"Birth Certificate  , Death Certificate  , TAN  , Voter ID (EPIC)",97VVVVV7669NG7F8,"{""beneficiaryName"": ""Arthur Chavez"", ""bankName"": ""Smith Ltd"", ""branchName"": ""Cindybury"", ""accountNumber"": ""342433901365"", ""ifsccode"": ""VVVV0277571"", ""upiid"": ""hallmark@okicici""}"
"Whitaker, Jones and Taylor","PSC 9552, Box 3468, APO AE 12008",+1-960-133-8227x12110,mallory42@allen.com,"Voter ID (EPIC), PF UAN Details  , Disability Certificate  , TAN  ",38YYYYY9087GM6S4,"{""beneficiaryName"": ""Taylor Sullivan"", ""bankName"": ""Edwards, Moon and Parker"", ""branchName"": ""Annettechester"", ""accountNumber"": ""659784532908"", ""ifsccode"": ""AAAA0793508"", ""upiid"": ""mckinneyconnor@okaxis""}"
"Pena, Howard and Quinn","547 Rojas Gardens Apt. 561, Lynnberg, MD 09813",8791541735,shawn91@smith.com,"Domicile Certificate  , Ration Card  , GST Registration Certificate  ",88QQQQQ7111ZV3C6,"{""beneficiaryName"": ""Jessica Scott"", ""bankName"": ""Cobb PLC"", ""branchName"": ""North Juan"", ""accountNumber"": ""303317074809"", ""ifsccode"": ""SSSS0691694"", ""upiid"": ""urodriguez@oksbi""}"
Caldwell LLC,"93271 Villa Stravenue Suite 050, Stephenland, HI 88258",546.786.2339,cwilson@villa.com,"ITR Acknowledgement  , Marriage Certificate  , TAN  , Domicile Certificate  ",63AAAAA1359FP9L2,"{""beneficiaryName"": ""Nicole Mora"", ""bankName"": ""Hernandez Group"", ""branchName"": ""New Andrea"", ""accountNumber"": ""477255511859"", ""ifsccode"": ""AAAA0580888"", ""upiid"": ""jonesandrea@okicici""}"
Fowler Ltd,"65447 Pennington Plaza, Davisborough, TN 63416",(277)837-4080x4281,tracey42@greene-edwards.com,"PAN Card  , Caste Certificate  , Driving License  ",69UUUUU8764JL6X7,"{""beneficiaryName"": ""Paul Salazar"", ""bankName"": ""Johnson-Diaz"", ""branchName"": ""New Heidi"", ""accountNumber"": ""225646075402"", ""ifsccode"": ""GGGG0420564"", ""upiid"": ""dorothysnyder@oksbi""}"
"Garcia, Hernandez and Rodriguez","487 Jeremiah Flat, Jenniferchester, AR 78827",001-426-393-6745x9312,gperez@carr.com,"Ration Card  , GST Registration Certificate  ",9YYYYY9442XE7P7,"{""beneficiaryName"": ""Patricia Mitchell"", ""bankName"": ""Hanna LLC"", ""branchName"": ""West Ashleyborough"", ""accountNumber"": ""822847671212"", ""ifsccode"": ""NNNN0233443"", ""upiid"": ""kwu@okaxis""}"
Howell-Roth,"0999 Isaiah Plaza, Rosemouth, ME 50930",+1-061-929-4219,freemanedward@moore.com,"Ration Card  , PAN Card  , Form 16  ",32ZZZZZ549XU2L8,"{""beneficiaryName"": ""Valerie Butler"", ""bankName"": ""Holland-Vazquez"", ""branchName"": ""Stevenshire"", ""accountNumber"": ""560709494490"", ""ifsccode"": ""BBBB0933218"", ""upiid"": ""gregory54@oksbi""}"
"Johnson, Hall and Gardner","8419 Michael Place Suite 970, Maldonadofort, CA 06347",8743899928,traceymarquez@weaver-mcintyre.com,"PAN Card  , Driving License  , Death Certificate  , ESIC Card  ",90UUUUU6314MQ5W6,"{""beneficiaryName"": ""Kari Jones"", ""bankName"": ""Hurley, Shah and Rivera"", ""branchName"": ""Lake Seth"", ""accountNumber"": ""445184487044"", ""ifsccode"": ""DDDD0747376"", ""upiid"": ""henryashley@okhdfc""}"
"Morrison, Anderson and Carter","58389 Edward Forest Apt. 074, Port Susan, MT 60090",064-003-2196,jody81@byrd.com,"Caste Certificate  , ESIC Card  , GST Registration Certificate  , PF UAN Details  , Aadhaar Card  ",75FFFFF5598DD9Z3,"{""beneficiaryName"": ""Tammy Vasquez"", ""bankName"": ""Lewis, Dean and Munoz"", ""branchName"": ""Tarafurt"", ""accountNumber"": ""983499035261"", ""ifsccode"": ""PPPP0205880"", ""upiid"": ""amandasanchez@okicici""}"
Dudley-Smith,"0202 Brown Stravenue Apt. 978, Katieborough, AL 48242",577.282.8597x8225,robert90@aguilar.com,"Domicile Certificate  , Driving License  , Marriage Certificate  , Form 16  ",18DDDDD244EC9J2,"{""beneficiaryName"": ""Kaitlyn Huffman"", ""bankName"": ""Bates-Knight"", ""branchName"": ""Ramosshire"", ""accountNumber"": ""869753202511"", ""ifsccode"": ""RRRR0672680"", ""upiid"": ""oparker@oksbi""}"
Huynh-Hernandez,"21124 Crystal Lodge, Evansborough, OR 92845",1328133023,crystal16@turner.com,"Marriage Certificate  , Passport  ",78YYYYY9742SN5J6,"{""beneficiaryName"": ""Nicholas Ramirez"", ""bankName"": ""Johnson, Lopez and Thomas"", ""branchName"": ""Alicialand"", ""accountNumber"": ""462122022623"", ""ifsccode"": ""QQQQ0499252"", ""upiid"": ""craigjanice@okaxis""}"
"Tran, Lopez and Davis","89059 Albert Flats Apt. 990, Serranohaven, ND 22234",+1-241-256-0134x07867,mosshaley@warren.com,"Voter ID (EPIC), Driving License  , ITR Acknowledgement  , Income Certificate  ",33EEEEE5974IZ6Z5,"{""beneficiaryName"": ""Jennifer Edwards"", ""bankName"": ""Sullivan LLC"", ""branchName"": ""Amandaburgh"", ""accountNumber"": ""712336664514"", ""ifsccode"": ""ZZZZ0256237"", ""upiid"": ""fwiley@okhdfc""}"
Smith PLC,"9261 Tate Pike Suite 157, Elizabethville, MT 05888",302-071-2097x1961,jacobsnyder@brooks.info,"Driving License  , Income Certificate  , Caste Certificate  ",60FFFFF5185MF4M2,"{""beneficiaryName"": ""Erin Wheeler"", ""bankName"": ""Palmer Ltd"", ""branchName"": ""New Jacquelineberg"", ""accountNumber"": ""698639452199"", ""ifsccode"": ""IIII0859179"", ""upiid"": ""gerald16@okicici""}"
Cochran and Sons,"823 Lisa Spring, Jordanside, SD 53935",121.011.3034,jason91@hendricks-henry.info,"PF UAN Details  , Domicile Certificate  , Death Certificate  , Marriage Certificate  ",26FFFFF7432EE0R4,"{""beneficiaryName"": ""Julie Simpson"", ""bankName"": ""Smith-Chen"", ""branchName"": ""North Robertview"", ""accountNumber"": ""211965457463"", ""ifsccode"": ""ZZZZ0199509"", ""upiid"": ""gcook@okicici""}"
"Merritt, Walker and Porter","78421 Michael Dam, Rachelside, ID 73371",(815)505-3669x205,bcarlson@rivera.com,"Disability Certificate  , ESIC Card  , Form 16  , PAN Card  ",57EEEEE3145VU1S3,"{""beneficiaryName"": ""Jennifer Hampton"", ""bankName"": ""Ayers-Dixon"", ""branchName"": ""Lake Jonathan"", ""accountNumber"": ""763790465987"", ""ifsccode"": ""PPPP0514539"", ""upiid"": ""william76@okaxis""}"
Collins Ltd,"002 Evan Squares, Donnaton, MD 12441",100.602.3039x5305,elijahweaver@williams-murphy.com,"PAN Card  , ESIC Card  , Passport  , Voter ID (EPIC), Death Certificate  ",50EEEEE2040JE7V5,"{""beneficiaryName"": ""William Heath"", ""bankName"": ""Davis-Cox"", ""branchName"": ""Port Shannonberg"", ""accountNumber"": ""342879246230"", ""ifsccode"": ""QQQQ0742984"", ""upiid"": ""qmartin@okhdfc""}"
Clarke and Sons,"PSC 8384, Box 8349, APO AP 97983",+1-399-340-7417x9222,fcastillo@smith.com,"Income Certificate  , Ration Card  , Death Certificate  ",63KKKKK9274CX2Y9,"{""beneficiaryName"": ""Jason Campos"", ""bankName"": ""Morrison, Simmons and Ingram"", ""branchName"": ""Lake Cynthia"", ""accountNumber"": ""576524707123"", ""ifsccode"": ""VVVV0597941"", ""upiid"": ""kathleen42@okicici""}"
Baker Group,"76593 Butler Valley, Martinezville, IN 84628",001-407-704-1593x56409,mwhite@davis-murphy.net,"Caste Certificate  , GST Registration Certificate  ",74EEEEE7685XB5Q5,"{""beneficiaryName"": ""Barbara Carney"", ""bankName"": ""Gutierrez, Wilkinson and Smith"", ""branchName"": ""Lake Allisonmouth"", ""accountNumber"": ""894312255142"", ""ifsccode"": ""UUUU0167035"", ""upiid"": ""danielle48@okhdfc""}"
"Edwards, Rivas and Hernandez","14425 Eric Spur Suite 890, Christinehaven, NY 76387",964.519.0717x215,bowmanmichael@owens-taylor.com,"Driving License  , Birth Certificate  , Voter ID (EPIC)",82XXXXX9218DY3K5,"{""beneficiaryName"": ""Michele Arnold"", ""bankName"": ""Odonnell-Smith"", ""branchName"": ""Blanchardchester"", ""accountNumber"": ""362281067432"", ""ifsccode"": ""HHHH0589160"", ""upiid"": ""katherinecox@okaxis""}"
Cruz LLC,"08050 Diane Overpass Apt. 881, East Cynthiamouth, IL 14540",8612108727,jeffery14@pope-jones.com,"TAN  , Caste Certificate  , GST Registration Certificate  ",87PPPPP3923QU8W7,"{""beneficiaryName"": ""Justin Byrd"", ""bankName"": ""Moore-Duncan"", ""branchName"": ""East Brandonshire"", ""accountNumber"": ""865195479718"", ""ifsccode"": ""OOOO0849625"", ""upiid"": ""christiansusan@oksbi""}"
"Nguyen, Erickson and Jacobson","8832 Norman Knoll Suite 285, Warehaven, NE 60819",001-046-428-8166,wendy58@gibson.com,"TAN  , Disability Certificate  ",19YYYYY7812UY4B8,"{""beneficiaryName"": ""Justin Francis"", ""bankName"": ""Perez-Miles"", ""branchName"": ""Lindseyview"", ""accountNumber"": ""159823803085"", ""ifsccode"": ""KKKK0408292"", ""upiid"": ""gdavis@okicici""}"
"Moore, Keller and Davis","91302 Brittany Turnpike Suite 796, West Nicole, UT 76702",463.275.2976,dshaw@white.com,"Voter ID (EPIC), Death Certificate  ",66SSSSS2864RF5C7,"{""beneficiaryName"": ""Philip Anderson"", ""bankName"": ""Bailey-Powers"", ""branchName"": ""West Kevin"", ""accountNumber"": ""688932007574"", ""ifsccode"": ""FFFF0200812"", ""upiid"": ""williamlindsey@oksbi""}"
"Tucker, Carter and Jenkins","517 Smith Shores Suite 811, East Cathyfort, DC 75040",039-591-6461x770,rvalentine@hunter-thornton.com,"PF UAN Details  , Aadhaar Card  ",25WWWWW2415IV1J6,"{""beneficiaryName"": ""Christopher Santos"", ""bankName"": ""Gonzalez, Davis and Smith"", ""branchName"": ""North Joshua"", ""accountNumber"": ""529122143612"", ""ifsccode"": ""AAAA0629341"", ""upiid"": ""ieverett@oksbi""}"
Austin Inc,"880 Ewing Turnpike, New Tina, OK 44656",+1-869-935-6577x2411,simpsonjohn@jones-collier.com,"Income Certificate  , TAN  , ITR Acknowledgement  ",9MMMMM272AF3C0,"{""beneficiaryName"": ""David Tucker"", ""bankName"": ""White-Taylor"", ""branchName"": ""East Phillip"", ""accountNumber"": ""656976223887"", ""ifsccode"": ""YYYY0396405"", ""upiid"": ""mcampbell@okaxis""}"
"Torres, Ramos and Lee","7063 Katie Pine, Johnathanhaven, IN 60396",001-243-261-6567x014,curtisriley@taylor-allen.biz,"PF UAN Details  , Marriage Certificate  , ESIC Card  ",85AAAAA7557FI3K0,"{""beneficiaryName"": ""Tiffany Reed"", ""bankName"": ""Woods Ltd"", ""branchName"": ""North Amyhaven"", ""accountNumber"": ""832703453743"", ""ifsccode"": ""TTTT0686910"", ""upiid"": ""dmcintosh@okaxis""}"
"Nguyen, Gray and Fernandez","233 Brown Roads, New Josephhaven, MT 25686",+1-260-300-4144x238,linda15@smith.net,"ESIC Card  , Death Certificate  ",39CCCCC7056LU4P3,"{""beneficiaryName"": ""Robert Morris"", ""bankName"": ""Vazquez and Sons"", ""branchName"": ""West Donaldhaven"", ""accountNumber"": ""379883073306"", ""ifsccode"": ""IIII0498220"", ""upiid"": ""kaylee76@okicici""}"
